{
	"appId": "app.bjjos.ios",
	"appName": "BJJ OS",
	"webDir": "dist/public",
	"server": {
		"androidScheme": "https",
		"iosScheme": "https"
	},
	"ios": {
		"contentInset": "automatic",
		"preferredContentMode": "mobile",
		"backgroundColor": "#0A0A0B",
		"scheme": "BJJ OS"
	},
	"plugins": {
		"SplashScreen": {
			"launchShowDuration": 2000,
			"backgroundColor": "#0A0A0B",
			"showSpinner": false,
			"androidSpinnerStyle": "small",
			"iosSpinnerStyle": "small",
			"splashFullScreen": true,
			"splashImmersive": true
		},
		"StatusBar": {
			"style": "dark",
			"backgroundColor": "#0A0A0B"
		},
		"Keyboard": {
			"resize": "body",
			"resizeOnFullScreen": true
		}
	},
	"packageClassList": [
		"HapticsPlugin",
		"KeyboardPlugin",
		"PreferencesPlugin",
		"SplashScreenPlugin",
		"StatusBarPlugin"
	]
}
