{
	"appId": "app.bjjos.mobile",
	"appName": "BJJ OS",
	"webDir": "dist/public",
	"server": {
		"androidScheme": "https",
		"iosScheme": "https"
	},
	"ios": {
		"contentInset": "automatic",
		"preferredContentMode": "mobile",
		"backgroundColor": "#0A0A0B"
	},
	"plugins": {
		"SplashScreen": {
			"launchShowDuration": 2000,
			"backgroundColor": "#0A0A0B",
			"showSpinner": false,
			"androidSpinnerStyle": "small",
			"iosSpinnerStyle": "small",
			"splashFullScreen": true,
			"splashImmersive": true
		},
		"StatusBar": {
			"style": "dark",
			"backgroundColor": "#0A0A0B"
		}
	},
	"packageClassList": []
}
